<?xml version="1.0" encoding="UTF-8"?>
<project-private xmlns="http://www.netbeans.org/ns/project-private/1">
    <editor-bookmarks xmlns="http://www.netbeans.org/ns/editor-bookmarks/2" lastBookmarkId="0"/>
    <open-files xmlns="http://www.netbeans.org/ns/projectui-open-files/2">
        <group>
            <file>file:/C:/Users/nunhu/Downloads/QuanlyKTX/QuanlyKTX/web/index.jsp</file>
            <file>file:/C:/Users/nunhu/Downloads/QuanlyKTX/QuanlyKTX/web/updateStudent.jsp</file>
            <file>file:/C:/Users/nunhu/Downloads/QuanlyKTX/QuanlyKTX/web/manageProfile.jsp</file>
            <file>file:/C:/Users/nunhu/Downloads/QuanlyKTX/QuanlyKTX/web/listNews.jsp</file>
            <file>file:/C:/Users/nunhu/Downloads/QuanlyKTX/QuanlyKTX/web/listStudent.jsp</file>
            <file>file:/C:/Users/nunhu/Downloads/QuanlyKTX/QuanlyKTX/web/updateRoom.jsp</file>
            <file>file:/C:/Users/nunhu/Downloads/QuanlyKTX/QuanlyKTX/web/welcome.jsp</file>
            <file>file:/C:/Users/nunhu/Downloads/QuanlyKTX/QuanlyKTX/web/services.jsp</file>
            <file>file:/C:/Users/nunhu/Downloads/QuanlyKTX/QuanlyKTX/web/viewStatistics.jsp</file>
            <file>file:/C:/Users/nunhu/Downloads/QuanlyKTX/QuanlyKTX/web/ManageElectricAndWaterPayment.jsp</file>
            <file>file:/C:/Users/nunhu/Downloads/QuanlyKTX/QuanlyKTX/web/sendRequest.jsp</file>
            <file>file:/C:/Users/nunhu/Downloads/QuanlyKTX/QuanlyKTX/web/contact.jsp</file>
            <file>file:/C:/Users/nunhu/Downloads/QuanlyKTX/QuanlyKTX/web/viewSingleNews.jsp</file>
            <file>file:/C:/Users/nunhu/Downloads/QuanlyKTX/QuanlyKTX/web/manageListStudent.jsp</file>
            <file>file:/C:/Users/nunhu/Downloads/QuanlyKTX/QuanlyKTX/web/list.jsp</file>
            <file>file:/C:/Users/nunhu/Downloads/QuanlyKTX/QuanlyKTX/web/editNews.jsp</file>
            <file>file:/C:/Users/nunhu/Downloads/QuanlyKTX/QuanlyKTX/web/paymentForRoom.jsp</file>
            <file>file:/C:/Users/nunhu/Downloads/QuanlyKTX/QuanlyKTX/web/addNews.jsp</file>
            <file>file:/C:/Users/nunhu/Downloads/QuanlyKTX/QuanlyKTX/web/addRoom.jsp</file>
            <file>file:/C:/Users/nunhu/Downloads/QuanlyKTX/QuanlyKTX/web/paymentForElectricAndWater.jsp</file>
            <file>file:/C:/Users/nunhu/Downloads/QuanlyKTX/QuanlyKTX/web/unimplementedPage.jsp</file>
            <file>file:/C:/Users/nunhu/Downloads/QuanlyKTX/QuanlyKTX/web/register.jsp</file>
            <file>file:/C:/Users/nunhu/Downloads/QuanlyKTX/QuanlyKTX/web/registerRoom.jsp</file>
            <file>file:/C:/Users/nunhu/Downloads/QuanlyKTX/QuanlyKTX/web/room_register_history.jsp</file>
            <file>file:/C:/Users/nunhu/Downloads/QuanlyKTX/QuanlyKTX/web/room_search.jsp</file>
            <file>file:/C:/Users/nunhu/Downloads/QuanlyKTX/QuanlyKTX/web/add.jsp</file>
            <file>file:/C:/Users/nunhu/Downloads/QuanlyKTX/QuanlyKTX/web/forgotPass.jsp</file>
            <file>file:/C:/Users/nunhu/Downloads/QuanlyKTX/QuanlyKTX/web/rules.jsp</file>
            <file>file:/C:/Users/nunhu/Downloads/QuanlyKTX/QuanlyKTX/web/manageRequest.jsp</file>
            <file>file:/C:/Users/nunhu/Downloads/QuanlyKTX/QuanlyKTX/web/login.jsp</file>
            <file>file:/C:/Users/nunhu/Downloads/QuanlyKTX/QuanlyKTX/web/updateElectricWater.jsp</file>
            <file>file:/C:/Users/nunhu/Downloads/QuanlyKTX/QuanlyKTX/web/roommates_list.jsp</file>
            <file>file:/C:/Users/nunhu/Downloads/QuanlyKTX/QuanlyKTX/web/manageRoom.jsp</file>
            <file>file:/C:/Users/nunhu/Downloads/QuanlyKTX/QuanlyKTX/web/viewAllNews.jsp</file>
            <file>file:/C:/Users/nunhu/Downloads/QuanlyKTX/QuanlyKTX/web/room_register_manage.jsp</file>
        </group>
    </open-files>
</project-private>
